{"data":{"m_def":"nomad.datamodel.metainfo.eln.ELNSubstance","name":"Dichloromethane","datetime":"2024-02-03T01:27:34.353116+00:00","lab_id":"HUB_AhMa_20240203_Dichloromethane","tags":["solvent"],"elemental_composition":[{"element":"C","atomic_fraction":0.2,"mass_fraction":0.14141451961073126},{"element":"H","atomic_fraction":0.4,"mass_fraction":0.02373506138633726},{"element":"Cl","atomic_fraction":0.4,"mass_fraction":0.8348504190029316}],"pure_substance":{"m_def":"nomad.datamodel.metainfo.basesections.PubChemPureSubstanceSection","name":"Methylene Chloride","iupac_name":"dichloromethane","molecular_formula":"CH2Cl2","molecular_mass":83.9533555,"molar_mass":84.93,"monoisotopic_mass":83.9533555,"inchi":"InChI=1S/CH2Cl2/c2-1-3/h1H2","inchi_key":"YMWUJEATGCHHMB-UHFFFAOYSA-N","smile":"C(Cl)Cl","canonical_smile":"C(Cl)Cl","cas_number":"75-09-2","pub_chem_cid":6344,"pub_chem_link":"https://pubchem.ncbi.nlm.nih.gov/compound/6344"},"substance_identifiers":{"institute":"HUB","owner":"AhMa","datetime":"2024-02-03T01:27:34.351217+00:00","short_name":"Dichloromethane","lab_id":"HUB_AhMa_20240203_Dichloromethane"}}}