{"data":{"m_def":"nomad.datamodel.metainfo.eln.ELNSubstance","name":"Ethanol","datetime":"2025-02-19T11:42:28.986720+00:00","lab_id":"HUB_AhMa_20250219_Ethanol","description":"<p>Vendor: Sigma-Aldrich<br />Product number: 459844</p>\n<p><img id=\"active-image\" class=\"jss5198\" src=\"https://www.sigmaaldrich.com/deepweb/assets/sigmaaldrich/product/structures/429/462/0a3b8d89-9fd2-4b92-81f4-3384d8e6a3b0/640/0a3b8d89-9fd2-4b92-81f4-3384d8e6a3b0.png\" alt=\"Ethyl alcohol, Pure 200&amp;#160;proof, ACS reagent, &amp;#8805;99.5%\" width=\"106\" height=\"38\" data-testid=\"active-image\" /></p>\n<p><a href=\"https://www.sigmaaldrich.com/DE/en/product/sigald/459844\">https://www.sigmaaldrich.com/DE/en/product/sigald/459844</a></p>\n<p>&nbsp;</p>","tags":["solvent"],"elemental_composition":[{"element":"C","atomic_fraction":0.2222222222222222,"mass_fraction":0.5214285528227134},{"element":"H","atomic_fraction":0.6666666666666666,"mass_fraction":0.13127512023415597},{"element":"O","atomic_fraction":0.1111111111111111,"mass_fraction":0.3472963269431307}],"pure_substance":{"m_def":"nomad.datamodel.metainfo.basesections.CASPureSubstanceSection","name":"Ethanol","molecular_formula":"C2H6O","molecular_mass":46.07,"inchi":"InChI=1S/C2H6O/c1-2-3/h3H,2H2,1H3","inchi_key":"InChIKey=LFQSCWFLJHTTHZ-UHFFFAOYSA-N","smile":"C(C)O","canonical_smile":"OCC","cas_number":"64-17-5","cas_uri":"substance/pt/64175","cas_name":"Ethanol","cas_synonyms":["Ethanol","Ethyl alcohol","Alcohol","Algrain","Anhydrol","Ethyl hydrate","Ethyl hydroxide","Jaysol","Jaysol S","Methylcarbinol","Molasses alcohol","Potato alcohol","Tecsol","Alcohol anhydrous","Denatured ethanol","Tecsol C","Alcare Hand Degermer","SY Fresh M","Ethicap","Synasol","Desinfektol EL","Duplicating Fluid 100C.NPA","100C.NPA","Anhydrol PM 4085","SDA 3A","Esumiru WK 88","Hinetoless","IMS 99","Lux","AHD 2000","Sekundasprit","NSC 85228","Infinity Pure","CDA 19","CDA 19-200","Sterillium Rub","Germ-X","Vinic alcohol","SD 3A","Denatured alcohol","Neocol CQ","Black Warrant","Bioethanol","Surfin 96","SDA 23A","Amanol SD","Alpet E","Alpet NV","PM 6193-200","ICON Dry","Adechiru 750","Traceable 95","Shunkol B","Prethanol A","LEK 01","95PGF2","ProtectorPlus gel","THS gel","SD 29 (alcohol)","MeSH ID: D000431","Drysol NM","Traceable 99"],"cas_experimental_properties":[{"name":"Boiling Point","property":"78.5 °C","sourceNumber":"1"},{"name":"Melting Point","property":"-114.1 °C","sourceNumber":"1"},{"name":"Density","property":"0.789 g/cm³ @ Temp: 20 °C","sourceNumber":"1"}],"cas_property_citations":[{"docUri":"","sourceNumber":1,"source":"Hazardous Substances Data Bank data were obtained from the National Library of Medicine (US)"}]},"substance_identifiers":{"institute":"HUB","owner":"AhMa","datetime":"2025-02-19T11:42:28.985525+00:00","short_name":"Ethanol","lab_id":"HUB_AhMa_20250219_Ethanol"}}}