{"data":{"m_def":"nomad.datamodel.metainfo.eln.ELNSubstance","name":"Isopropanol","datetime":"2025-02-19T11:44:33.956371+00:00","lab_id":"HUB_AhMa_20250219_Isopropanol","description":"<p>Vendor: Sigma-Aldrich<br />Product number: 190764</p>\n<p><img id=\"active-image\" class=\"jss6567\" src=\"https://www.sigmaaldrich.com/deepweb/assets/sigmaaldrich/product/structures/122/094/cc8909c7-fd67-4caf-a7de-04651ab02149/640/cc8909c7-fd67-4caf-a7de-04651ab02149.png\" alt=\"2-Propanol ACS reagent, &amp;#8805;99.5%\" width=\"174\" height=\"62\" data-testid=\"active-image\" /></p>\n<p><a href=\"https://www.sigmaaldrich.com/DE/en/product/sigald/190764\">https://www.sigmaaldrich.com/DE/en/product/sigald/190764</a></p>\n<p>&nbsp;</p>","tags":["solvent"],"elemental_composition":[{"element":"C","atomic_fraction":0.25,"mass_fraction":0.5995854564987249},{"element":"H","atomic_fraction":0.6666666666666666,"mass_fraction":0.13417950439154525},{"element":"O","atomic_fraction":0.08333333333333333,"mass_fraction":0.26623503910972984}],"pure_substance":{"m_def":"nomad.datamodel.metainfo.basesections.CASPureSubstanceSection","name":"Isopropanol","molecular_formula":"C3H8O","molecular_mass":60.1,"inchi":"InChI=1S/C3H8O/c1-3(2)4/h3-4H,1-2H3","inchi_key":"InChIKey=KFZMGEQAYNKOFK-UHFFFAOYSA-N","smile":"C(C)(C)O","canonical_smile":"OC(C)C","cas_number":"67-63-0","cas_uri":"substance/pt/67630","cas_name":"Isopropanol","cas_synonyms":["2-Propanol","Isopropyl alcohol","Avantine","Dimethylcarbinol","Isohol","Isopropanol","Lutosol","PRO","Petrohol","<em>sec</em>-Propyl alcohol","Alcosolve 2","<em>iso</em>-Propanol","1-Methylethyl alcohol","Imsol A","Combi-Schutz","Alcojel","Avantin","Hartosol","Propol","Takineocol","<em>n</em>-Propan-2-ol","2-Hydroxypropane","2-Propyl alcohol","Sterisol Hand Disinfectant","1-Methylethanol","<em>iso</em>-Propyl alcohol","<em>sec</em>-Propanol","IPA","Autosept","IPS 1 (alcohol)","IPS 1","Virahol","Tokuso IPA","NSC 135801","Steri-Fab","isopropanol","MeSH ID: D019840","T 877"],"cas_experimental_properties":[{"name":"Boiling Point","property":"82.5 °C @ Press: 760 Torr","sourceNumber":"1"},{"name":"Melting Point","property":"-88.5 °C","sourceNumber":"1"},{"name":"Density","property":"0.78505 g/cm³ @ Temp: 20 °C","sourceNumber":"1"}],"cas_property_citations":[{"docUri":"","sourceNumber":1,"source":"Hazardous Substances Data Bank data were obtained from the National Library of Medicine (US)"}]},"substance_identifiers":{"institute":"HUB","owner":"AhMa","datetime":"2025-02-19T11:44:33.953289+00:00","short_name":"Isopropanol","lab_id":"HUB_AhMa_20250219_Isopropanol"}}}