{"data":{"m_def":"nomad.datamodel.metainfo.eln.ELNProcess","name":"prepare thin films","datetime":"2024-02-03T15:50:00+00:00","lab_id":"HUB_AhMa_20240203_prepare-thin-films","description":"<p>Thin layers (7&ndash;20 nm) were prepared by spin-coating using a standard laboratory spin-coater at 2000 rpm for 1 min on either solvent cleaned glass (for optical absorption spectroscopy and scanning force microscopy) or ITO substrates [for ultraviolet photoelectron spectroscopy (UPS)].</p>","end_time":"2024-02-03T15:20:00+00:00","tags":[],"steps":[{"name":"substrate solvent cleaning","start_time":"2024-02-03T15:50:00+00:00","comment":"<p>Substrates were sonicated in Ethanol, IPA, and Acteton for 10 mins each. <br />After each step, the substrates were blown dry with N2 flow. </p>","duration":1800},{"name":"substrate UV-Ozon exposure","start_time":"2024-02-03T16:20:00+00:00","comment":"<p>The solvent cleaned substrates are placed in UV-Ozon cleaner for 30 minutes. </p>","duration":1800},{"name":"spin-coating","start_time":"2024-02-03T16:50:00+00:00","comment":"<p>Solutions were dropped on substrates, which were then spin-coated at 2000 rpm for 1 min.</p>","duration":60}],"instruments":[{"name":"Spincoater","reference":"../uploads/BqQpeIkCRM2P41RpxRlGxw/archive/-IfdftWr-HOdctjGxj0tl7R6s_mf#/data","lab_id":"HUB_AhMa_20240203_Spincoater"},{"name":"UV_Ozon_cleaner","reference":"../uploads/BqQpeIkCRM2P41RpxRlGxw/archive/e2XFJt5yWVp5pMJyW9PQujLzYR0c#/data","lab_id":"HUB_AhMa_20240203_UV-Ozon-cleaner"}],"samples":[{"name":"thin_film on glass","reference":"../uploads/BqQpeIkCRM2P41RpxRlGxw/archive/nCEhHo6WA7CmqR3T93C7IOX7IFuy#/data","lab_id":"HUB_AhMa_20240416_p3ht-on-glass"},{"name":"thin_film on ITO","reference":"../uploads/BqQpeIkCRM2P41RpxRlGxw/archive/-lJJkWbTxHZQ7GmHhIPrcPKrmcLW#/data","lab_id":"HUB_AhMa_20250219_P3HT-on-ITO"}],"process_identifiers":{"institute":"HUB","owner":"AhMa","datetime":"2024-02-03T01:56:43.208409+00:00","short_name":"prepare-thin-films","lab_id":"HUB_AhMa_20240203_prepare-thin-films"}},"workflow2":{"name":"prepare thin films","inputs":[{"name":"substrate_glass","section":"../uploads/BqQpeIkCRM2P41RpxRlGxw/archive/aR7nwyr6FIGJ_P_2qg1Q-84siyJ9#/data"},{"name":"substrate_ITO","section":"../uploads/BqQpeIkCRM2P41RpxRlGxw/archive/r4B-Bwe0ToetkGEk5BehTHmsygie#/data"}],"outputs":[{"name":"thin_film on glass","section":"../uploads/BqQpeIkCRM2P41RpxRlGxw/archive/nCEhHo6WA7CmqR3T93C7IOX7IFuy#/data"},{"name":"thin_film on ITO","section":"../uploads/BqQpeIkCRM2P41RpxRlGxw/archive/-lJJkWbTxHZQ7GmHhIPrcPKrmcLW#/data"}],"tasks":[{"name":"substrate solvent cleaning","section":"#/data/steps/0"},{"name":"substrate UV-Ozon exposure","section":"#/data/steps/1"},{"name":"spin-coating","section":"#/data/steps/2"}]}}