{"data":{"m_def":"nomad.datamodel.metainfo.eln.ELNProcess","name":"prepare solution","datetime":"2024-02-03T01:53:59.654593+00:00","lab_id":"HUB_AhMa_20240203_prepare-solution","end_time":"2024-02-10T02:54:00+00:00","tags":[],"steps":[{"name":"Weigh the polymer powder"},{"name":"Mixing in solvent"},{"name":"Sonication","duration":60}],"samples":[{"name":"solution","reference":"../uploads/BqQpeIkCRM2P41RpxRlGxw/archive/r4B-Bwe0ToetkGEk5BehTHmsygie#/data"}],"process_identifiers":{"institute":"HUB","owner":"AhMa","datetime":"2024-02-03T01:53:59.652776+00:00","short_name":"prepare-solution","lab_id":"HUB_AhMa_20240203_prepare-solution"}},"workflow2":{"name":"prepare solution","inputs":[{"name":"solute","section":"../uploads/BqQpeIkCRM2P41RpxRlGxw/archive/CfRIESSCjZB4SCnvWx12xIJR6Yc_#/data"},{"name":"solvent","section":"../uploads/BqQpeIkCRM2P41RpxRlGxw/archive/MlhsqZrtcKyhdESh8E3CQq4ZMKFm#/data"}],"outputs":[{"name":"P3HT in CF","section":"../uploads/BqQpeIkCRM2P41RpxRlGxw/archive/r4B-Bwe0ToetkGEk5BehTHmsygie#/data"}],"tasks":[{"name":"Weigh the polymer powder","section":"#/data/steps/0"},{"name":"Mixing in solvent","section":"#/data/steps/1"},{"name":"Sonication","section":"#/data/steps/2"}]}}