{"data":{"m_def":"nomad.datamodel.metainfo.eln.ELNSubstance","name":"P3HT","datetime":"2024-02-03T01:32:12.753553+00:00","lab_id":"HUB_AhMa_20240203_P3HT","description":"<p>Vendor: Ossila<br />Product number: M108-1g</p>\n<p>Molecular Weight = 36010</p>\n<p>&nbsp;</p>\n<p><img id=\"product-image\" src=\"https://www.ossila.com/cdn/shop/files/P3HT_Image400px.png?v=1718718829&amp;width=240\" alt=\"P3HT CAS 104934-50-1\" width=\"146\" height=\"146\" /></p>\n<p><a href=\"https://www.ossila.com/products/p3ht?variant=18448157999200\">https://www.ossila.com/products/p3ht?variant=18448157999200</a></p>\n<p>&nbsp;</p>","tags":["polymer"],"elemental_composition":[{"element":"C","atomic_fraction":0.37037037037037035,"mass_fraction":0.7136523179217183},{"element":"H","atomic_fraction":0.5925925925925926,"mass_fraction":0.09582371949358712},{"element":"S","atomic_fraction":0.037037037037037035,"mass_fraction":0.19052396258469445}],"pure_substance":{"m_def":"nomad.datamodel.metainfo.basesections.PubChemPureSubstanceSection","name":"3-Hexylthiophene","iupac_name":"3-hexylthiophene","molecular_formula":"C10H16S","molecular_mass":168.09727168,"molar_mass":168.3,"monoisotopic_mass":168.09727168,"inchi":"InChI=1S/C10H16S/c1-2-3-4-5-6-10-7-8-11-9-10/h7-9H,2-6H2,1H3","inchi_key":"JEDHEMYZURJGRQ-UHFFFAOYSA-N","smile":"CCCCCCC1=CSC=C1","canonical_smile":"CCCCCCC1=CSC=C1","cas_number":"1693-86-3","pub_chem_cid":566849,"pub_chem_link":"https://pubchem.ncbi.nlm.nih.gov/compound/566849"},"substance_identifiers":{"institute":"HUB","owner":"AhMa","datetime":"2024-02-03T01:32:12.751016+00:00","short_name":"P3HT","lab_id":"HUB_AhMa_20240203_P3HT"}}}