{"data":{"m_def":"nomad.datamodel.metainfo.eln.ELNSubstance","name":"PBTTT","datetime":"2024-02-03T01:37:47.765350+00:00","lab_id":"HUB_AhMa_20240203_PBTTT","description":"<p>Vendor: Sigma-Aldrich<br />Product number: 753971</p>\n<p><img id=\"active-image\" class=\"jss106\" src=\"https://www.sigmaaldrich.com/deepweb/assets/sigmaaldrich/product/structures/364/742/4c27e5bc-1aaa-4e46-a964-db31821194c6/640/4c27e5bc-1aaa-4e46-a964-db31821194c6.png\" alt=\"PBTTT-C14\" width=\"135\" height=\"135\" data-testid=\"active-image\" /></p>\n<p><a href=\"https://www.sigmaaldrich.com/DE/en/product/aldrich/753971\">https://www.sigmaaldrich.com/DE/en/product/aldrich/753971</a></p>\n<p>&nbsp;</p>\n<p>&nbsp;</p>","tags":["polymer"],"pure_substance":{"m_def":"nomad.datamodel.metainfo.basesections.CASPureSubstanceSection","name":"Poly[thieno[3,2-b]thiophene-2,5-diyl(4,4′-ditetradecyl[2,2′-bithiophene]-5,5′-diyl)]","molecular_formula":"(C42H62S4)n","inchi":"","inchi_key":"","smile":"","canonical_smile":"","cas_number":"888491-19-8","cas_uri":"substance/pt/888491198","cas_name":"Poly[thieno[3,2-b]thiophene-2,5-diyl(4,4′-ditetradecyl[2,2′-bithiophene]-5,5′-diyl)]","cas_synonyms":["Poly[thieno[3,2-<em>b</em>]thiophene-2,5-diyl(4,4′-ditetradecyl[2,2′-bithiophene]-5,5′-diyl)]","Poly(2,5-bis(3-tetradecylthiophen-2-yl)thieno[3,2-<em>b</em>]thiophene)","Lisicon SP 210","PBTTT-C14","PB 14TTT"]},"substance_identifiers":{"institute":"HUB","owner":"AhMa","datetime":"2024-02-03T01:37:47.762435+00:00","short_name":"PBTTT","lab_id":"HUB_AhMa_20240203_PBTTT"}}}