{"data":{"m_def":"nomad.datamodel.metainfo.eln.ELNSubstance","name":"PNDI(2OD)2T","datetime":"2025-02-19T12:02:56.792128+00:00","lab_id":"HUB_AhMa_20250219_PNDI(2OD)2T","description":"<p>Vendor: Ossila<br />Product number: <span id=\"sku\">M1201A4-100mg</span></p>\n<p><img id=\"product-image\" src=\"https://www.ossila.com/cdn/shop/files/PNDI_2OD_2T.png?v=1718725153&amp;width=240\" alt=\"PNDI(2OD)2T CAS 1100243-40-0\" width=\"162\" height=\"162\" /></p>\n<p><a href=\"https://www.ossila.com/products/pndi2od2t\">https://www.ossila.com/products/pndi2od2t</a></p>\n<p>&nbsp;</p>","tags":["polymer"],"pure_substance":{"m_def":"nomad.datamodel.metainfo.basesections.CASPureSubstanceSection","name":"Poly[[1,2,3,6,7,8-hexahydro-2,7-bis(2-octyldodecyl)-1,3,6,8-dioxobenzo[lmn][3,8]phenanthroline-4,9-diyl][2,2′-bithiophene]-5,5′-diyl]","molecular_formula":"(C62H88N2O4S2)n","inchi":"","inchi_key":"","smile":"","canonical_smile":"","cas_number":"1100243-40-0","cas_uri":"substance/pt/1100243400","cas_name":"Poly[[1,2,3,6,7,8-hexahydro-2,7-bis(2-octyldodecyl)-1,3,6,8-dioxobenzo[lmn][3,8]phenanthroline-4,9-diyl][2,2′-bithiophene]-5,5′-diyl]","cas_synonyms":["Poly[[1,2,3,6,7,8-hexahydro-2,7-bis(2-octyldodecyl)-1,3,6,8-dioxobenzo[<em>lmn</em>][3,8]phenanthroline-4,9-diyl][2,2′-bithiophene]-5,5′-diyl]","ActivInk N 2200","P(NDI2OD-T2)","PNDI-2T","N 2200","Poly[[<em>N</em>,<em>N</em>′-bis(2-octyldodecyl)naphthalene-1,4,5,8-bis(dicarboximide)-2,6-diyl]-alt-5,5′-(2,2′-bithiophene)]"]},"substance_identifiers":{"institute":"HUB","owner":"AhMa","datetime":"2025-02-19T12:02:56.790842+00:00","short_name":"PNDI(2OD)2T","lab_id":"HUB_AhMa_20250219_PNDI(2OD)2T"}}}