{"data":{"m_def":"nomad.datamodel.metainfo.eln.ELNSubstance","name":"PTAA","datetime":"2025-02-19T12:05:16.946715+00:00","lab_id":"HUB_AhMa_20250219_PTAA","description":"<p>Vendor: Ossila<br />Product number: <span id=\"sku\">M171-200mg</span></p>\n<p><img id=\"product-image\" src=\"https://cdn.shopify.com/s/files/1/0823/0287/files/PTAA_-_Dimethyl_Polytriarylamine_240x240.png?v=1726047131\" alt=\"PTAA for OFET Applications\" width=\"147\" height=\"147\" /></p>\n<p><a href=\"https://www.ossila.com/products/ptaa\">https://www.ossila.com/products/ptaa</a></p>\n<p>&nbsp;</p>","tags":["polymer"],"pure_substance":{"m_def":"nomad.datamodel.metainfo.basesections.CASPureSubstanceSection","name":"Poly[[(2,4,6-trimethylphenyl)imino][1,1′-biphenyl]-4,4′-diyl]","molecular_formula":"(C21H19N)n","inchi":"","inchi_key":"","smile":"","canonical_smile":"","cas_number":"1333317-99-9","cas_uri":"substance/pt/1333317999","cas_name":"Poly[[(2,4,6-trimethylphenyl)imino][1,1′-biphenyl]-4,4′-diyl]","cas_synonyms":["Poly[[(2,4,6-trimethylphenyl)imino][1,1′-biphenyl]-4,4′-diyl]","PTAA"]},"substance_identifiers":{"institute":"HUB","owner":"AhMa","datetime":"2025-02-19T12:05:16.945333+00:00","short_name":"PTAA","lab_id":"HUB_AhMa_20250219_PTAA"}}}