{"data":{"m_def":"nomad.datamodel.metainfo.eln.ELNMeasurement","name":"conductivity measurement","datetime":"2025-02-24T16:23:38.047250+00:00","lab_id":"FAI_AhAr_20250224_measurements/conductivity-measurement","measurement_identifiers":{"institute":"FAI","owner":"AhAr","datetime":"2025-02-24T16:23:38.045385+00:00","short_name":"measurements/conductivity-measurement","lab_id":"FAI_AhAr_20250224_measurements/conductivity-measurement"},"description":"<p>Conductivity measurements were carried out under a nitrogen atmosphere using pre-patterned glass substrates with an interdigitated ITO electrode structure with varying channel length, purchased from Ossila Ltd. Current&ndash;voltage (<em>I</em>&ndash;<em>V</em>) measurements were conducted using an Ossila <em>I</em>&ndash;<em>V</em> test board and a Keithley 2635A source meter.</p>"},"workflow2":{"name":"conductivity measurement"}}