{"data":{"m_def":"nomad.datamodel.metainfo.eln.ELNInstrument","name":"IV measurement setup","datetime":"2024-02-03T01:51:53.877811+00:00","lab_id":"HUB_AhMa_20240203_IV-measurement-setup","description":"<p><img id=\"product-image\" src=\"https://www.ossila.com/cdn/shop/files/25mm_square_test_board.jpg?v=1718712000&amp;width=240\" alt=\"Push-Fit Test Board for 25 x 25mm Substrates\" width=\"240\" height=\"240\" /></p>","instrument_identifiers":{"institute":"HUB","owner":"AhMa","datetime":"2024-02-03T01:51:53.875523+00:00","short_name":"IV-measurement-setup","lab_id":"HUB_AhMa_20240203_IV-measurement-setup"}}}