{"data":{"m_def":"nomad.datamodel.metainfo.eln.ELNInstrument","name":"Spincoater","datetime":"2024-02-03T01:48:05.778514+00:00","lab_id":"HUB_AhMa_20240203_Spincoater","description":"<p><img id=\"product-image\" src=\"https://cdn.shopify.com/s/files/1/0823/0287/files/spin-coater-featured-image_240x240.png?v=1719397957\" alt=\"Spin Coater\" width=\"240\" height=\"240\" /></p>","instrument_identifiers":{"institute":"HUB","owner":"AhMa","datetime":"2024-02-03T01:48:05.776595+00:00","short_name":"Spincoater","lab_id":"HUB_AhMa_20240203_Spincoater"}}}