{"data":{"m_def":"nomad.datamodel.metainfo.eln.ELNInstrument","name":"UV Ozon cleaner","datetime":"2024-02-03T01:49:11.979552+00:00","lab_id":"HUB_AhMa_20240203_UV-Ozon-cleaner","description":"<p><img id=\"product-image\" src=\"https://www.ossila.com/cdn/shop/files/uv-ozone-cleaner-featured-image.jpg?v=1718708771&amp;width=240\" alt=\"UV Ozone Cleaner\" width=\"240\" height=\"240\" /></p>","instrument_identifiers":{"institute":"HUB","owner":"AhMa","datetime":"2024-02-03T01:49:11.976316+00:00","short_name":"UV-Ozon-cleaner","lab_id":"HUB_AhMa_20240203_UV-Ozon-cleaner"}}}