{"data":{"m_def":"nomad.datamodel.metainfo.eln.ELNSubstance","name":"FTO on glass","datetime":"2025-02-19T12:20:37.127717+00:00","lab_id":"HUB_AhMa_20250219_FTO-on-glass","description":"<p>Vendor: Ossila<br />Product number: S2001S1</p>\n<p><img id=\"product-image\" src=\"https://cdn.shopify.com/s/files/1/0823/0287/files/TEC-8-FTO-glass-2.2mm_240x240.jpg?v=1718717752\" alt=\"FTO Glass Substrates (Unpatterned)\" width=\"240\" height=\"240\" /></p>\n<p><a href=\"https://www.ossila.com/products/fto-glass-unpatterned?variant=36124265345\">https://www.ossila.com/products/fto-glass-unpatterned?variant=36124265345</a></p>\n<p>&nbsp;</p>","tags":["substrate"],"substance_identifiers":{"institute":"HUB","owner":"AhMa","datetime":"2025-02-19T12:20:37.126032+00:00","short_name":"FTO-on-glass","lab_id":"HUB_AhMa_20250219_FTO-on-glass"}}}