{"data":{"m_def":"nomad.datamodel.metainfo.eln.ELNSubstance","name":"ITO on glass prepatterned","datetime":"2025-02-19T12:24:24.778964+00:00","lab_id":"HUB_AhMa_20250219_ITO-on-glass-prepatterned","description":"<p>Vendor: Ossila<br />Product number: S161-20</p>\n<p><img id=\"product-image\" src=\"https://cdn.shopify.com/s/files/1/0823/0287/files/ito_ofet_substrates_interdigitated_constant_length_240x240.jpg?v=1726657735\" alt=\"ITO Glass Substrates, 20 x 15 mm, OFET and Sensing\" width=\"107\" height=\"107\" /> &nbsp;<img class=\"fill\" src=\"https://www.ossila.com/cdn/shop/files/ito-ofet-substrate-constant-drawing.svg?&amp;width=417\" alt=\"Ossila ito ofet substrate constant drawing\" width=\"410\" height=\"205\" /></p>\n<p>&nbsp;</p>\n<p>https://www.ossila.com/products/interdigitated-ito-ofet-substrates</p>","tags":["substrate"],"substance_identifiers":{"institute":"HUB","owner":"AhMa","datetime":"2025-02-19T12:24:24.777507+00:00","short_name":"ITO-on-glass-prepatterned","lab_id":"HUB_AhMa_20250219_ITO-on-glass-prepatterned"}}}