{"data":{"m_def":"nomad.datamodel.metainfo.eln.ELNSubstance","name":"ITO_on_glass","datetime":"2024-02-03T01:43:08.304333+00:00","lab_id":"HUB_AhMa_20240203_ITO-Glass-Substrates","description":"<p>Vendor: Ossila<br />Product number: S2006B1</p>\n<p>&nbsp;</p>\n<p><img id=\"product-image\" src=\"https://cdn.shopify.com/s/files/1/0823/0287/files/ito-glass-substrate-unpatterned-15x20mm_240x240.jpg?v=1726573246\" alt=\"ITO Glass Substrates (Unpatterned)\" width=\"240\" height=\"240\" /></p>","tags":["substrate"],"elemental_composition":[{"element":"In","atomic_fraction":0.25,"mass_fraction":0.5361030762729868},{"element":"Sn","atomic_fraction":0.125,"mass_fraction":0.27713771440177615},{"element":"O","atomic_fraction":0.625,"mass_fraction":0.18675920932523699}],"pure_substance":{"name":"ITO","iupac_name":"Indium-tin oxide","molecular_formula":"\t In2O5Sn","molecular_mass":428.34},"substance_identifiers":{"institute":"HUB","owner":"AhMa","datetime":"2024-02-03T01:43:08.302283+00:00","short_name":"ITO-Glass-Substrates","lab_id":"HUB_AhMa_20240203_ITO-Glass-Substrates"}}}