{"data":{"m_def":"nomad.datamodel.metainfo.eln.ELNSample","name":"P3HT-on-glass","datetime":"2024-04-16T13:05:09.326309+00:00","lab_id":"HUB_AhMa_20240416_p3ht-on-glass","tags":[],"elemental_composition":[{"element":"C"},{"element":"H"},{"element":"S"}],"components":[{"m_def":"nomad.datamodel.metainfo.basesections.SystemComponent","name":"P3HT","system":"../uploads/GNC8_GVlRd-wMDDwb4REQw/archive/kDzrZvlqF1yrKBdicoeDFZX1wTtU#/data"},{"m_def":"nomad.datamodel.metainfo.basesections.SystemComponent","name":"Glass substrate","system":"../uploads/GNC8_GVlRd-wMDDwb4REQw/archive/Xb0GmzoEjALaimVughVB6NhJ9a64#/data"}],"sample_identifiers":{"institute":"HUB","owner":"AhMa","datetime":"2024-04-16T13:05:09.326309+00:00","short_name":"p3ht-on-glass","lab_id":"HUB_AhMa_20240416_p3ht-on-glass"}}}