{"data":{"m_def":"nomad.datamodel.metainfo.eln.ELNSample","name":"P3HT on ITO","datetime":"2025-02-19T12:53:15.771812+00:00","lab_id":"HUB_AhMa_20250219_P3HT-on-ITO","tags":[],"elemental_composition":[{"element":"C","atomic_fraction":0.37037037037037046,"mass_fraction":0.7136745534706295},{"element":"H","atomic_fraction":0.5925925925925927,"mass_fraction":0.09583001580529774},{"element":"S","atomic_fraction":0.03703703703703704,"mass_fraction":0.19049543072407277}],"components":[{"m_def":"nomad.datamodel.metainfo.basesections.SystemComponent","name":"P3HT","mass_fraction":1,"system":"../uploads/BqQpeIkCRM2P41RpxRlGxw/archive/CfRIESSCjZB4SCnvWx12xIJR6Yc_#/data"},{"m_def":"nomad.datamodel.metainfo.basesections.SystemComponent","name":"ITO","mass_fraction":0,"system":"../uploads/BqQpeIkCRM2P41RpxRlGxw/archive/dXNpJs1ZRKYQHbr83-jw88ZbG6EI#data"}],"sample_identifiers":{"institute":"HUB","owner":"AhMa","datetime":"2025-02-19T12:53:15.770054+00:00","short_name":"P3HT-on-ITO","lab_id":"HUB_AhMa_20250219_P3HT-on-ITO"}}}