{"data":{"m_def":"nomad.datamodel.metainfo.eln.ELNSample","name":"P3HT in CF solution","datetime":"2025-02-21T15:24:41.286285+00:00","description":"<p>Solution of P3HT in CF with concnetration of 3 mg/ml</p>","tags":[],"elemental_composition":[{"element":"C","atomic_fraction":0.37037037037037046,"mass_fraction":0.7136745534706295},{"element":"H","atomic_fraction":0.5925925925925927,"mass_fraction":0.09583001580529774},{"element":"S","atomic_fraction":0.03703703703703704,"mass_fraction":0.19049543072407277}],"components":[{"m_def":"nomad.datamodel.metainfo.basesections.SystemComponent","name":"P3HT","mass_fraction":1,"system":"../uploads/GNC8_GVlRd-wMDDwb4REQw/archive/kDzrZvlqF1yrKBdicoeDFZX1wTtU#/data"},{"m_def":"nomad.datamodel.metainfo.basesections.SystemComponent","name":"Chloroform","mass_fraction":0,"system":"../uploads/GNC8_GVlRd-wMDDwb4REQw/archive/8U49tlAJSFe6HKXgDRwqwmVlj2v4#/data"}]}}