{"data":{"m_def":"nomad.datamodel.metainfo.eln.ELNSubstance","name":"F4TCNQ","datetime":"2025-02-19T12:11:52.147863+00:00","lab_id":"HUB_AhMa_20250219_F4TCNQ","description":"<p>Vendor: Ossila<br />Product number: <span id=\"sku\">M351-100mg</span></p>\n<p><img id=\"product-image\" src=\"https://www.ossila.com/cdn/shop/files/F4TCNQ-Structure.jpg?v=1736772296&amp;width=240\" alt=\"F4TCNQ CAS 29261-33-4\" width=\"174\" height=\"174\" /></p>\n<p><a href=\"https://www.ossila.com/products/f4tcnq?_pos=1&amp;_sid=7c486e73a&amp;_ss=r\">https://www.ossila.com/products/f4tcnq?_pos=1&amp;_sid=7c486e73a&amp;_ss=r</a></p>\n<p>&nbsp;</p>","tags":["dopant"],"elemental_composition":[{"element":"C","atomic_fraction":0.6,"mass_fraction":0.5219229390798961},{"element":"F","atomic_fraction":0.2,"mass_fraction":0.27519080031330123},{"element":"N","atomic_fraction":0.2,"mass_fraction":0.20288626060680282}],"pure_substance":{"m_def":"nomad.datamodel.metainfo.basesections.PubChemPureSubstanceSection","name":"2,3,5,6-Tetrafluoro-7,7,8,8-tetracyanoquinodimethane","iupac_name":"2-[4-(dicyanomethylidene)-2,3,5,6-tetrafluorocyclohexa-2,5-dien-1-ylidene]propanedinitrile","molecular_formula":"C12F4N4","molecular_mass":276.00590867,"molar_mass":276.15,"monoisotopic_mass":276.00590867,"inchi":"InChI=1S/C12F4N4/c13-9-7(5(1-17)2-18)10(14)12(16)8(11(9)15)6(3-19)4-20","inchi_key":"IXHWGNYCZPISET-UHFFFAOYSA-N","smile":"C(#N)C(=C1C(=C(C(=C(C#N)C#N)C(=C1F)F)F)F)C#N","canonical_smile":"C(#N)C(=C1C(=C(C(=C(C#N)C#N)C(=C1F)F)F)F)C#N","cas_number":"29261-33-4","pub_chem_cid":2733307,"pub_chem_link":"https://pubchem.ncbi.nlm.nih.gov/compound/2733307"},"substance_identifiers":{"institute":"HUB","owner":"AhMa","datetime":"2025-02-19T12:11:52.146436+00:00","short_name":"F4TCNQ","lab_id":"HUB_AhMa_20250219_F4TCNQ"}}}